"login","nombreFichero","motivo"
"eddiazg01","3675977.jpg","Archivo no encontrado"
"prodriguezg26","3458679.jpg","Archivo no encontrado"
"jgarciav08","3277587.jpg","Archivo no encontrado"
"eoterog01","3547051.jpg","Archivo no encontrado"
"plopezd07","3447849.jpg","Archivo no encontrado"
"lruedar01","3554214.jpg","Archivo no encontrado"
"jafernandezm04","3765586.jpg","Archivo no encontrado"
"javilav03","3716074.png","Archivo no encontrado"
"jagarciar05","3670973.png","Archivo no encontrado"
"enovellas02","3639897.png","Archivo no encontrado"
"lmateosm03","3639084.png","Archivo no encontrado"
"mgarciab104","3736811.png","Archivo no encontrado"
"eblazquezm01","3710134.jpg","Archivo no encontrado"
"lroblesg01","3708347.png","Archivo no encontrado"
"cmateog06","3737754.png","Archivo no encontrado"
"mgorodetchi01","3984885.jpg","Archivo no encontrado"
"hlopezb04","3675907.png","Archivo no encontrado"
"aldiouck01","4276504.png","Archivo no encontrado"
"sgonzalezp07","3966909.jpg","Archivo no encontrado"
"agonzalezp36","3609979.jpg","Archivo no encontrado"
"myatacuev01","4259124.jpg","Archivo no encontrado"
"jjaraizc03","3767208.jpg","Archivo no encontrado"
"dbarradoc01","3772268.jpg","Archivo no encontrado"
"njimenezc04","3708775.png","Archivo no encontrado"
"ibermejos02","3671763.jpg","Archivo no encontrado"
"nbermejog01","3646388.jpg","Archivo no encontrado"
"sgarciam06","3518090.jpg","Archivo no encontrado"
"agonzalezj05","3709830.jpg","Archivo no encontrado"
"cbelvisb01","3680984.jpg","Archivo no encontrado"
"gjimenezg06","3630060.jpg","Archivo no encontrado"
"adpetrescud01","3629864.jpg","Archivo no encontrado"
"cbacod01","3603575.jpg","Archivo no encontrado"
"dbarradol02","3604721.png","Archivo no encontrado"
"yborrellav03","3509453.jpg","Archivo no encontrado"
"lgonzaleza08","3559738.jpg","Archivo no encontrado"
"cmartinc14","3593467.jpg","Archivo no encontrado"
"amirasierrag02","3548786.jpg","Archivo no encontrado"
"rbarradot01","3710436.jpg","Archivo no encontrado"
"tpennasc01","3593502.png","Archivo no encontrado"
"abvallejog01","3676065.jpg","Archivo no encontrado"
"agarciag78","3674438.png","Archivo no encontrado"
"olopezc01","3629110.jpg","Archivo no encontrado"
"dhernandezm11","3642211.jpg","Archivo no encontrado"
"eminnanao01","3740259.png","Archivo no encontrado"
"dmmaiguar01","3987705.jpg","Archivo no encontrado"
"hfernandezb05","3641881.png","Archivo no encontrado"
"cparedesm04","3638994.png","Archivo no encontrado"
"kalvesp01","3641171.jpg","Archivo no encontrado"
"vpinob02","3604785.jpg","Archivo no encontrado"
"asolise02","3767557.jpg","Archivo no encontrado"
"eperezd05","3673758.png","Archivo no encontrado"
"vcurielm02","3739259.png","Archivo no encontrado"
"amroblesv01","3671741.png","Archivo no encontrado"
"pjimenezc09","3638547.png","Archivo no encontrado"
"mvisidrob01","3630495.png","Archivo no encontrado"
"gredondom03","3734267.png","Archivo no encontrado"
"amarcelor01","3675373.png","Archivo no encontrado"
"psantamariap01","3709570.jpg","Archivo no encontrado"
"ljimenezc07","3671571.jpg","Archivo no encontrado"
"amunnozs15","3710055.png","Archivo no encontrado"
"vmartins01","3683804.png","Archivo no encontrado"
"rsanchezs76","3591873.png","Archivo no encontrado"
"destebans01","3716791.png","Archivo no encontrado"
"fvaqueroc02","3673539.png","Archivo no encontrado"
"dsanchezg11","3773534.jpg","Archivo no encontrado"
"abarquillan01","3645352.jpg","Archivo no encontrado"
"cretamosar01","3556186.jpg","Archivo no encontrado"
"jfernandezg103","3646751.jpg","Archivo no encontrado"
"orubiog02","3709228.jpg","Archivo no encontrado"
"szancadaf01","3678250.jpg","Archivo no encontrado"
"lamarillag01","3638816.png","Archivo no encontrado"
"asuarezb01","3603181.jpg","Archivo no encontrado"
"myisidrob01","3630489.jpg","Archivo no encontrado"
"kolivam01","3554909.png","Archivo no encontrado"
"nbeatos01","3440410.jpg","Archivo no encontrado"
"asanchezf12","3518197.jpg","Archivo no encontrado"
"amartinezr21","3741456.jpg","Archivo no encontrado"
"davilai01","3629940.png","Archivo no encontrado"
"mamarillap01","3770352.jpg","Archivo no encontrado"
"lrubioa02","3707548.jpg","Archivo no encontrado"
"ctorilm01","3707477.jpg","Archivo no encontrado"
"csanchezg155","3716424.png","Archivo no encontrado"
"pdelcerroh01","4014436.jpg","Archivo no encontrado"
"chuesos01","3674432.jpg","Archivo no encontrado"
"eblancor02","3639106.png","Archivo no encontrado"
"cvalhondoa01","3770392.jpg","Archivo no encontrado"
"asecor01","3734289.png","Archivo no encontrado"
"rnunnezd04","3676014.png","Archivo no encontrado"
"vmatap01","3767281.jpg","Archivo no encontrado"
"sespadaf01","3709906.png","Archivo no encontrado"
"amunnozm32","3709545.jpg","Archivo no encontrado"
"asolisg14","3730423.png","Archivo no encontrado"
"gcorrralesp01","3734610.png","Archivo no encontrado"
"cherasg01","3743281.png","Archivo no encontrado"
"msanchezm41","3736616.jpg","Archivo no encontrado"
"cbarradot01","3678146.jpg","Archivo no encontrado"
"apinoj01","3674280.jpg","Archivo no encontrado"
"bvidartem01","3735474.jpg","Archivo no encontrado"
"mddiouck01","4280811.jpg","Archivo no encontrado"
"vsanchezb22","3557729.jpg","Archivo no encontrado"
"mmarcelod01","3646494.jpg","Archivo no encontrado"
"gmiguelm01","3746097.png","Archivo no encontrado"
"cjimenezv05","3700693.png","Archivo no encontrado"
"gsolisv01","3763700.jpg","Archivo no encontrado"
"eroblesv01","3732399.jpg","Archivo no encontrado"
"jdsilveras01","4331438.png","Archivo no encontrado"
"mporteros01","3633232.png","Archivo no encontrado"
"sgilc04","3603816.png","Archivo no encontrado"
"mjfernandezp01","3604683.png","Archivo no encontrado"
"acaserof01","3734510.png","Archivo no encontrado"
"mzancadaf01","3710443.jpg","Archivo no encontrado"
"ciglesiasp09","3678345.png","Archivo no encontrado"
"hpereirar01","4349507.png","Archivo no encontrado"
"jblazquezb07","3673479.jpg","Archivo no encontrado"
"fmontannag02","3674681.jpg","Archivo no encontrado"
"dmiguelj02","3596826.png","Archivo no encontrado"
"amurillog16","3433561.jpg","Archivo no encontrado"
"pmartinezc01","3707501.jpg","Archivo no encontrado"
"nredondog01","3631853.png","Archivo no encontrado"
"jjbravor03","3639851.jpg","Archivo no encontrado"
"vbelvisb01","3649583.jpg","Archivo no encontrado"
"respadaf01","3767202.jpg","Archivo no encontrado"
"amunnozs14","3767297.jpg","Archivo no encontrado"
"bsanchezl12","3449444.jpg","Archivo no encontrado"
"ntejadap02","3557995.jpg","Archivo no encontrado"
"agonzalezg109","3642255.png","Archivo no encontrado"
"mpmendezs01","3396364.jpg","Archivo no encontrado"
"jmalvaradom01","3673703.png","Archivo no encontrado"
"rmorenos20","3737846.jpg","Archivo no encontrado"
"djimeneza11","3603165.png","Archivo no encontrado"
"ycastroc01","3767481.jpg","Archivo no encontrado"
"iriscot01","3676022.jpg","Archivo no encontrado"
"hdelgadon01","3700383.png","Archivo no encontrado"
"ajimenezv03","3700683.png","Archivo no encontrado"
"gmaldonadob01","3767263.jpg","Archivo no encontrado"
"ivacas01","3746091.jpg","Archivo no encontrado"
"eapesteguir01","4370941.jpg","Archivo no encontrado"
"lkjulcap01","4355311.jpg","Archivo no encontrado"
"acarrascof08","3767936.jpg","Archivo no encontrado"
"afernandezd05","3603223.jpg","Archivo no encontrado"
"isoletom01","3594977.png","Archivo no encontrado"
"dtorilm01","3604910.jpg","Archivo no encontrado"
"isilvab02","3673833.png","Archivo no encontrado"
"ypalaciost01","3493907.png","Archivo no encontrado"
"sfelipes01","3700341.jpg","Archivo no encontrado"
"sgarciam10","3709509.png","Archivo no encontrado"
"nperezm11","3710255.png","Archivo no encontrado"
"pcercasb01","3604656.png","Archivo no encontrado"
"aavilesv03","3630093.jpg","Archivo no encontrado"
"cfeliper01","3739989.png","Archivo no encontrado"
"amateosg22","3672861.png","Archivo no encontrado"
"prenterob01","3740062.png","Archivo no encontrado"
"pfernandezp03","3673688.png","Archivo no encontrado"
"dblancoa05","3673361.png","Archivo no encontrado"
"mperezr09","3638971.png","Archivo no encontrado"
"pgonzalezm92","3434622.jpg","Archivo no encontrado"
"jcpinor01","3670927.png","Archivo no encontrado"
"jcasallor01","3734518.jpg","Archivo no encontrado"
"scerezoc01","3702051.jpg","Archivo no encontrado"
"agomezc06","3645513.jpg","Archivo no encontrado"
"rvaldiviat01","3721331.jpg","Archivo no encontrado"
"rrodriguezd06","4021182.png","Archivo no encontrado"
"aaliasd03","3510544.jpg","Archivo no encontrado"
"fbautistab03","3446847.jpg","Archivo no encontrado"
"nmunnozc02","3522675.jpg","Archivo no encontrado"
"bvargasg02","3532306.jpg","Archivo no encontrado"
"ibarradot01","3590930.jpg","Archivo no encontrado"
"eblazquezb01","3603840.png","Archivo no encontrado"
"ypablost01","3639061.png","Archivo no encontrado"
"arodriguezc13","3665980.png","Archivo no encontrado"
"mesanchezomullon01","3671765.png","Archivo no encontrado"
"nsanchezf01","3908437.jpg","Archivo no encontrado"
"sebahassik01","3710945.jpg","Archivo no encontrado"
"acaballerop15","3740979.png","Archivo no encontrado"
"fjcastrod01","3445510.png","Archivo no encontrado"
"aborregom08","3636264.jpg","Archivo no encontrado"
"isolisf01","3676122.png","Archivo no encontrado"
"mdelgadom21","3770355.jpg","Archivo no encontrado"
"amorannoc01","4016293.jpg","Archivo no encontrado"
"nmorannoc01","4016320.jpg","Archivo no encontrado"
"cmironr01","3629152.jpg","Archivo no encontrado"
"dmunnozb04","3676005.png","Archivo no encontrado"
"lgarciam16","3739972.png","Archivo no encontrado"
"elopezv02","3709955.jpg","Archivo no encontrado"
"nsansegundop01","3708563.jpg","Archivo no encontrado"
"avisidros01","3675964.jpg","Archivo no encontrado"
"aditoa01","3832260.jpg","Archivo no encontrado"
"nminnanad02","3709595.jpg","Archivo no encontrado"
"arodiiguezt01","3646497.png","Archivo no encontrado"
"ajimeneza02","3708331.jpg","Archivo no encontrado"
"nrodriguezo02","4290265.jpg","Archivo no encontrado"
"rblancoa09","3603102.jpg","Archivo no encontrado"
"vtejadas01","3671556.jpg","Archivo no encontrado"
"amartinezc41","3715223.jpg","Archivo no encontrado"
"mmorav02","3767224.jpg","Archivo no encontrado"
"bmorillol01","3638785.jpg","Archivo no encontrado"
"iroblesg01","3441852.jpg","Archivo no encontrado"
"ndiazg21","3517822.jpg","Archivo no encontrado"
"jliu04","3616510.jpg","Archivo no encontrado"
"gsanchezc23","3506685.jpg","Archivo no encontrado"
"lejimenezm01","3710103.jpg","Archivo no encontrado"
"smugap01","3177079.png","Archivo no encontrado"
"tdiallob01","3641421.jpg","Archivo no encontrado"
"galvarezm08","3639882.jpg","Archivo no encontrado"
"mgilg07","3676047.png","Archivo no encontrado"
"jrivasg03","3767185.jpg","Archivo no encontrado"
"oblancor01","3740245.png","Archivo no encontrado"
"arodriguezc14","3665978.png","Archivo no encontrado"
"allopezm03","3734306.jpg","Archivo no encontrado"
"aburdalob02","3772273.jpg","Archivo no encontrado"
"ljaramillob01","3753240.jpg","Archivo no encontrado"
"dretamosas01","3774404.jpg","Archivo no encontrado"
"ablazquezm06","3740164.jpg","Archivo no encontrado"
"hgarciag02","3665981.png","Archivo no encontrado"
"djimenezb02","3673431.jpg","Archivo no encontrado"
"dacostar03","3676120.png","Archivo no encontrado"
"hgarciag15","3671759.jpg","Archivo no encontrado"
"ajimenezp11","3639012.jpg","Archivo no encontrado"
"ecamposd01","3673813.jpg","Archivo no encontrado"
"adiazf16","3676057.jpg","Archivo no encontrado"
"sgomezd04","3638959.jpg","Archivo no encontrado"
"dnovoat01","3593454.png","Archivo no encontrado"
"amarcelor02","3641859.png","Archivo no encontrado"
"jgomezs48","3561363.png","Archivo no encontrado"
"aredondoc10","3716088.jpg","Archivo no encontrado"
"mpablosc03","3673454.jpg","Archivo no encontrado"
"lbarquillan01","3712357.jpg","Archivo no encontrado"
"njimenezc03","3684905.png","Archivo no encontrado"
"aplazad02","3740967.png","Archivo no encontrado"
"imartinn08","3671744.png","Archivo no encontrado"
"abravol03","3767503.jpg","Archivo no encontrado"
"avargasg12","3783090.png","Archivo no encontrado"
"ssanchezd02","3518244.jpg","Archivo no encontrado"
"iramosg04","3645520.jpg","Archivo no encontrado"
"rmarinm08","3802549.jpg","Archivo no encontrado"
"cmsanchezp01","3557812.jpg","Archivo no encontrado"
"mmorillol01","3638764.jpg","Archivo no encontrado"
"mcercasb02","3673722.jpg","Archivo no encontrado"
"rgarciab40","3736861.png","Archivo no encontrado"
"agilp12","3708304.png","Archivo no encontrado"
"asanchezt18","3710008.png","Archivo no encontrado"
"hmariscalp04","3678224.png","Archivo no encontrado"
"aperezg51","3679208.jpg","Archivo no encontrado"
"fmateosm09","3740023.png","Archivo no encontrado"
"ljimeneza11","3364699.jpg","Archivo no encontrado"
"jpinob01","3710082.png","Archivo no encontrado"
"crubiov04","3734247.png","Archivo no encontrado"
"jjduquep01","4289246.jpg","Archivo no encontrado"
"pcascor01","4272484.png","Archivo no encontrado"
"adominguezs04","3596223.png","Archivo no encontrado"
"pmartins02","3676032.png","Archivo no encontrado"
"mmendezp21","3666054.jpg","Archivo no encontrado"
"lmorannoc01","4016323.jpg","Archivo no encontrado"
"cortegad02","3673733.png","Archivo no encontrado"
"dmateog02","3595351.png","Archivo no encontrado"
"asolancem01","3674705.png","Archivo no encontrado"
"dvaquerog05","3671752.jpg","Archivo no encontrado"
"jmbanegasl01","4194961.png","Archivo no encontrado"
"avgarciam01","3709521.png","Archivo no encontrado"
"ppablosa01","3604727.png","Archivo no encontrado"
"jsanchezm48","3761994.jpg","Archivo no encontrado"
"lggragedac01","3597995.png","Archivo no encontrado"
"armonterrosor01","4092955.jpg","Archivo no encontrado"
"mcaserod01","3604678.png","Archivo no encontrado"
"aagudelog01","3619700.jpg","Archivo no encontrado"
"ifernandezm25","3740993.jpg","Archivo no encontrado"
"jdiazf11","3769796.jpg","Archivo no encontrado"